{
    "global": {
        "NoConnection_welcomeTitle": "Bienvenido a la dAPP",
        "NoConnection_welcomeSubtitle": "Para acceder a la plataforma necesitas tener configurada tu billetera. Si ya tienes una, haz click sobre el ícono de la billetera que quieras conectar. Si no tienes una, cliquea el botón debajo  y te ayudaremos a configurar una paso a paso.",
        "NoConnection_nifty": "Billetera Nifty",
        "NoConnection_walletConnect": "Wallet Connect",
        "NoConnection_liquality": "Liquality",
        "NoConnection_iUse": "Uso __wallet__",
        "NoConnection_metamask": "MetaMask",
        "NoConnection_noWallet": "No tengo una billetera",
        "NoConnection_noWalletTooltip": "Quiero instalar la billetera Nifty",
        "NoConnection_connectWallet": "Conecta tu billetera",
        "NoConnection_alert": "Debes estar conectado con la billetera para acceder",
        "NoConnection_knowOurTokens": "Sobre Money On chain",
        "NoConnection_goToMetrics": "Ver métricas",
        "NoConnection_waitForSign": "Para continuar necesitarás conectar tu billetera al protocolo. Por favor espera el mensaje \"Sign\" de tu billetera que aparecerá en tu dispositivo y procede a firmar.",
        "NoConnection_alertTitle": "Conecta tu billetera!",
        "NoConnection_alertPleaseConnect": "¡Tu billetera no está conectada! Por favor conecta tu billetera utilizando el botón \"Conectarse\" en la sección de arriba a la derecha de la plataforma. ",

        "TutorialModal_Next": "Siguiente",
        "TutorialModal_Back": "Atras",

        "NiftyTutorial_setupYourWallet_title": "Configura tu billetera",
        "NiftyTutorial_setupYourWallet_text": "Para operar en la plataforma necesitas conectar tu billetera a la red de RSK. Sigue los pasos, te ayudaremos.",
        "NiftyTutorial_getYourWallet_title": "Descarga tu billetera",
        "NiftyTutorial_getYourWallet_text": "Haz clic en descargar y agrega la billetera Nifty a tu navegador chrome desde Web Store",
        "NiftyTutorial_getYourWallet_externalLink": "Descargar",
        "NiftyTutorial_keepItClose_title": "Deja tu billetera cerrada",
        "NiftyTutorial_keepItClose_text": "Haz clic en el ícono de extensiones y fija la billetera de Nifty desde la lista",
        "NiftyTutorial_acceptT&C": "Acepta los términos y condiciones de Nifty",
        "NiftyTutorial_createPassword_title": "Crea tu contraseña",
        "NiftyTutorial_createPassword_text": "Genera tu contraseña para una nueva billetera o importa una existente",
        "NiftyTutorial_createPassword_externalLink": "Qué es una DEN?",
        "NiftyTutorial_keepItSafe_title": "Guárdala y mantenla segura",
        "NiftyTutorial_keepItSafe_text": "Guarda las doce palabras en un lugar seguro y continúa",
        "NiftyTutorial_keepItSafe_externalLink": "Por qué necesito estas palabras?",
        "NiftyTutorial_connectToRSK_title": "Conectar a la red RSK",
        "NiftyTutorial_connectToRSK_text": "Abre tu billetera y haz clic en el menú superior para cambiar la red. Selecciona RSK desde la lista.",
        "NiftyTutorial_signMessage_title": "Firma el mensaje",
        "NiftyTutorial_signMessage_text": "Firmar no tiene costo y es necesario para usar la plataforma",

        "MetamaskTutorial_setupYourWallet_title": "Configura tu billetera",
        "MetamaskTutorial_setupYourWallet_text": "Para operar en la plataforma necesitas conectar tu billetera a la red de RSK. Sigue los pasos, te ayudaremos.",
        "MetamaskTutorial_expandView_title": "Metamask vista expandida",
        "MetamaskTutorial_expandView_text": "Abre metamask desde la extensión Chrome. Haz clic en el menú superior y selecciona expandir vista.",
        "MetamaskTutorial_addCustomNetwork_title": "Agrega una red personalizada",
        "MetamaskTutorial_addCustomNetwork_text": "Haz clic en el menú red y selecciona RPC personalizado",
        "MetamaskTutorial_copyLink_title": "Agregar una red personalizada",
        "MetamaskTutorial_copyLink_text": "Completa el formulario con la siguiente información y luego haz clic en guardar",
        "MetamaskTutorial_copyLink_networkName": "Network Name",
        "MetamaskTutorial_copyLink_newRpcUrl": "New RPC URL",
        "MetamaskTutorial_copyLink_chainId": "Chain ID",
        "MetamaskTutorial_copyLink_symbol": "Symbol",
        "MetamaskTutorial_copyLink_blockExplorerUrl": "Block Explorer URL",
        "MetamaskTutorial_connectWithMetamask_title": "Conectar con MetaMask",
        "MetamaskTutorial_connectWithMetamask_text": "Regresa a la ventana de Money On Chain. Haz clic en 'siguiente' en la ventana de metamask",
        "MetamaskTutorial_connectTheAccount_title": "Conectar cuenta",
        "MetamaskTutorial_connectTheAccount_text": "Haz clic en 'conectar' en la ventana de Metamask",
        "MetamaskTutorial_signMessage_title": "Firmar el mensaje",
        "MetamaskTutorial_signMessage_text": "Haz clic en 'sign' en la ventana de Metamask",

        "TotalBalanceCard_totalBalance": "Balance de tu billetera",
        "TotalBalanceCard_address": "Dirección",
        "TotalBalanceCard_noFunds": "Sin fondos",
        "TotalBalanceCard_sendFunds": "Enviar",

        "LiqualityTutorial_setupYourWallet_title": "Configura tu billetera",
        "LiqualityTutorial_setupYourWallet_text": "Para operar en la plataforma necesitas conectar tu billetera a la red de RSK. Sigue los pasos, te ayudaremos.",
        "LiqualityTutorial_openSettings_title": "Abre configuración",
        "LiqualityTutorial_openSettings_text": "Abre Liquality desde la extensión de Chrome. Haz clic en el menú superior y selecciona configuración.",
        "LiqualityTutorial_changeToRSK_title": "Cambia a la red RSK",
        "LiqualityTutorial_changeToRSK_text": "Para hacer esto: Activa por defecto web3 Wallet. Selecciona RSK como moneda Web3.",
        "LiqualityTutorial_connect_title": "Conectarse",
        "LiqualityTutorial_connect_text": "Haz clic en conectarse en la ventana de Liquality",
        "LiqualityTutorial_signTheMessage_title": "Firma el mensaje",
        "LiqualityTutorial_signTheMessage_text": "Haz clic en firmar en la ventana de Liquality.",

        "CopyableText_copied": "Copiado \"__text__\" al portapapeles",

        "Header_logout": "Desconectarse",
        "Header_yourAddress": "Su dirección",
        "Header_status": "Estado",
        "Header_connected": "Conectado",

        "RewardsTableContainer_Column_Asset": "Token",
        "RewardsTableContainer_Column_Amount": "Monto",
        "RewardsTableContainer_Column_GasCost": "Costo de gas",
        "RewardsTableContainer_Column_RequestTx": "Tx Pedido",
        "RewardsTableContainer_Column_SentTx": "Tx Envío",
        "RewardsTableContainer_Column_Date": "Fecha",
        "RewardsTableContainer_Column_Status": "Estado",
        "RewardsTableContainer_Column_Status_processing": "Procesando",
        "RewardsTableContainer_Column_Status_failed": "Falló",
        "RewardsTableContainer_Column_Status_new": "Nuevo",
        "RewardsTableContainer_Column_Status_confirming": "Confirmando",
        "RewardsTableContainer_Column_Status_sent": "Enviado",
        "RewardsTableContainer_Column_Status_confirmed": "Confirmado",
        "RewardsTableContainer_Column_Status_not enough fee": "Las comisiones pagadas no fueron suficiente",
        "RewardsTableContainer_Column_Status_never confirmed": "Nunca se confirmó",
        "RewardsTableContainer_Column_Status_sent failed": "Falló el envío",
        "RewardsTableContainer_Column_Status_no mocs to send": "No hay MoCs para enviar",
        "RewardsTableContainer_tooltip_1": "Confirmando: Confirmando tu pedido, estamos esperando 10 bloques para empezar a procesarlo.",
        "RewardsTableContainer_tooltip_2": "Procesando: Encontramos tu transaccion, por favor espera... enviaremos pronto tus tokens. (Hasta 24 h de espera).",
        "RewardsTableContainer_tooltip_3": "Enviado: Ya enviamos los MoC tokens a tu cuenta.",

        "RewardsBalance_MocLiquidityMining": "MoC Liquidity Mining Program",
        "RewardsBalance_MocAmount": "MoC Amount",
        "RewardsBalance_MocsTokens": "MoC Tokens",
        "RewardsBalance_Amount": "Disponibles para Claim",
        "RewardsBalance_Processing": "Procesando",
        "RewardsBalance_EarnedToday": "Recompensado hoy",
        "RewardsBalance_MoreInfo": "Aprende mas sobre el programa MoC Liquidity Mining para BPro HODLers at https://moneyonchain.com/liquiditymining/",
        "RewardsBalance_MoCTokens_MoreInfo": "Información acerca de MoC",

        "RewardsAddress_Title": "Tu dirección",

        "RewardsOptions_Title": "MoC Staking Rewards",
        "RewardsOptions_AvailableToStake": "Disponible para Stake",
        "RewardsOptions_Staked": "Staked",
        "RewardsOptions_Earned": "Ganado por staking",
        "RewardsOptions_AmountToStakePlaceholder": "MoCs para stake",
        "RewardsOptions_AmountToStakeNote": "Los MoCs en staking reciben recompensas del Programa de Recompensas de MOC. Puedes sacar los MoC de staking (unstake) en cualquier momento con una ventana de liberación de 30 días (no se reciben recompensas durante este periodo). Pasado este período puedes hacer \"Withdraw\" y retirarlos.",
        "RewardsOptions_AvailableToUnstake": "Disponible para unstake",
        "RewardsOptions_Locked": "Bloqueado para votar",
        "RewardsOptions_AmountToUnstake": "Cantidad para unstake",
        "RewardsOptions_AmountToUnstakePlaceholder": "MoCs para unstake",
        "RewardsOptions_UnstakingNote": {
            "first": "El unstaking toma 30 días. Durante ese período no recibirás recompensas del programa MoC Rewards",
            "link": "Ir a Withdraw",
            "second": "para hacer restake de tus MoC tokes en cualquier momento o para hacer withdraw luego del período de 30 días."
        },
        "RewardsOptions_Withdraw_ID": "ID",
        "RewardsOptions_Withdraw_Amount": "Cantidad",
        "RewardsOptions_Withdraw_Expiration": "Vence",
        "RewardsOptions_Withdraw_Status": "Estado",
        "StakingOptions_AvailableToWithdraw": "Listo para hacer Withdraw",
        "StakingOptions_PendingExpiration": "Procesando unstake",
        "StakingOptions_WithdrawAll": "Hacer Withdraw del total",
        "StakingOptions_Restake": "Restake",
        "StakingOptions_Withdraw": "Withdraw",

        "StakingOptionsModal_SetAllowance": "Autorizar Allowance",
        "StakingOptionsModal_Authorize": "Autorizar",
        "StakingOptionsModal_ReviewYourWalletDescription": "Por favor revise su billetera",
        "StakingOptionsModal_AllowanceDescription": "Antes de continuar con el staking deberás permitir el \"allowance\" para que el sistema pueda acceder a los tokens. Esto solo debe hacerse la primera vez y no bloquea ningún token de tu billetera.",
        "StakingOptionsModal_ProccessingAllowance": "Procesando Allowance, por favor espera",
        "StakingOptionsModal_StakingDescription": "Los MoCs stakeados recibirán recompensas del Programa de Recompensas de Staking de MoC. Puedes retirar tus MoC's cuando quieras, el proceso de retiro tomará 30 días",
        "StakingOptionsModal_AmountToStake": "Cantidad para Stake",
        "StakingOptionsModal_Title": "Stake",
        "StakingOptionsModal_Comfirm": "Confirmar",
        "StakingOptionsModal_Cancel": "Cancelar",

        "StakingOptionsModal_UnstakeTitle": "Unstake",
        "StakingOptionsModal_AmountToUnstake": "Cantidad para Unstake",
        "StakingOptionsModal_UnstakingDescription": "Puedes retirar tus MoC's a tu billetera en 30 días. Puedes restakearlos en cualquier momento durante este período.",

        "StakingOptionsModal_WithdrawTitle": "Retiro",
        "StakingOptionsModal_AmountToWithdraw": "Cantidad a Retirar",
        "StakingOptionsModal_WithdrawDescription": "Luego del retiro tus MoC tokens estarán disponibles en tu billetera.",

        "StakingOptionsModal_RestakeTitle": "Restake",
        "StakingOptionsModal_AmountToRestake": "Monto para Restake",
        "StakingOptionsModal_RestakeDescription": "Luego de hacer el Restaking de tus tokens comenzarás a recibir recompensas del Programa de Staking Rewards de MoC. ",

        "RewardsError_Title": "Operaciones",
        "RewardsError_Message": "¡Algo salió mal! La operación fue rechazada",

        "Error_numericField": "Este campo debe ser numérico",
        "Error_separateDecimals": "Usa el punto para separar decimales",
        "Error_numberTooSmall": "El valor es muy pequeño",
        "Error_maxExceeded": "El número excede el máximo permitido",

        "ConfirmTransactionModal_Title": "Detalle de operación",
        "Operation_Details_Title": "Detalles de operación",
        "Transaction_ID": "ID de Transacción",
        "Transaction_confirmation": "esperar confirmación de transacción",
        "Operation_successful": "Operación exitosa",
        "Operation_failed": "¡operación fallida!",
        "Bttn_Continue": "Continuar",
        "ConfirmTransactionModal_Exchanging": "Pagando",
        "ConfirmTransactionModal_Receiving": "Recibiendo",
        "ConfirmTransactionModal_MOCFee": "Comisión",
        "ConfirmTransactionModal_MOCFee_Disclaimer": "Esta comisión será deducida del valor transferido en la transacción",
        "ConfirmTransactionModal_Comment": "Agregar un comentario (opcional)",
        "ConfirmTransactionModal_Comment_Placeholder": "Escribe un comentario",
        "ConfirmTransactionModal_AmountMayDifferDisclaimer": "Los montos pueden diferir al confirmar la transacción",
        "ConfirmTransactionModal_cancel": "Cancelar",
        "ConfirmTransactionModal_confirm": "Confirmar",
        "ConfirmTransactionModal_Interests": "Tasa de Interés",
        "ConfirmTransactionModal_Error_not_enough": "Not enough user balance! Please review customize price variation tolerance.",

        "MintOrRedeemToken_YouExchange": "Cambias",
        "MintOrRedeemToken_YouReceive": "Recibes",
        "MintOrRedeemToken_AmountMayDiffer": "* Los montos pueden diferir al confirmar la transacción",
        "MintOrRedeemToken_Clear": "Limpiar",
        "MintOrRedeemToken_Mint": "Mint",
        "MintOrRedeemToken_Redeem": "Redeem",

        "MintOrRedeemToken_Fee": "Comisión ({{feePercent}}%): ",

        "MintOrRedeemToken_Interest": "Tasa de Interés (__interestRate__%): ",

        "InputWithCurrencySelector_AddTotalAvailable": "Usar total disponible",
        "InputWithCurrencySelector_AddAvailable": "Balance disponible",

        "TokenSummary_Amount": "Total {{tokenName}}",

        "ModalSend_EnterTheAmount": "Ingresa el valor",
        "ModalSend_Amount": "Valor",
        "ModalSend_CopyTx": "Copie el ID de la transacción antes de cerrar ya que la información sobre esta operación no estará disponible en la dAPP.",
        "ModalMind_CopyTx": "Copie el ID de la transacción antes de cerrar, ya que la información sobre esta operación no estará disponible en el dAPP hasta que se realice correctamente.",
        "ModalSend_pegout_EnterTheAmount": "Ingresa el valor de rBTC a enviar",
        "ModalSend_AddAComment": "Agregar un comentario (opcional)",

        "txWallet_NextSettlement": "Siguiente settlement",
        "txWallet_CurrentRate": "Tasa de interés actual",

        "RewardsClaimButton_Claim": "Reclamar",
        "RewardsClaimButton_Modal_Title": "Detalles de la operación",
        "RewardsClaimButton_Modal_TxStatus": "Estado de la transacción",
        "RewardsClaimButton_Modal_Hash": "Hash",
        "RewardsClaimButton_Modal_ViewOnExplorer": "Ver en el explorer",
        "RewardsClaimButton_Modal_Close": "Cerrar",
        "RewardsClaimButton_Modal_TxStatus_success": "Finalizado",
        "RewardsClaimButton_Modal_TxStatus_failed": "Error",
        "RewardsClaimButton_Modal_TxStatus_pending": "Pendiente",
        "RewardsClaimButton_Modal_TxStatus_error": "Error",

        "Metrics_title": "Métricas",
        "Metrics_subtitle": "Información actual del sistema",
        "Metrics_globalCoverage": "Cobertura Global",

        "Notification_notification_title": "Operaciones",
        "Notification_notification_description": "La transacción está en estado pendiente. Por favor espera la confirmación de la operación.",
        "Notification_notification_error_title": "Operaciones",
        "Notification_notification_error_description": "Algo ocurrió, la transacción fué rechazada!",

        "ReserveAllowanceModal_SetAllowance": "Setear Allowance",
        "ReserveAllowanceModal_Authorize": "Autorizar",
        "ReserveAllowanceModal_AllowanceDescription": "Antes de continuar con la opreción debes setear el allowance para que el Contrato de MOC pueda acceder a los tokens. Esto sólo hace falta hacerlo una vez y no bloquea ningún token de tu billetera.",
        "ReserveAllowanceModal_ProccessingAllowance": "Procesando el Allowance, por favor espera. Cuando halla finalizado enviaremos la operación a tu billetera.",
        "ReserveAllowanceModal_allowanceSendTitle": "Allowance",
        "ReserveAllowanceModal_allowanceSendDescription": "Por favor, aprueba la transacción en tu billetera para utilizar Tokens MoC en la plataforma.",
        "CustomizePrize_VariationToleranceSettingsTitle": "Personalizar la tolerancia de variación de precios",
        "CustomizePrize_VariationToleranceTitle": "Tolerancia de variación de precio",
        "Connected_Wallet": "Cartera conectada",
        "Disconnect": "Desconectar"
    }
}
